number;aa_name;chain;hp0;T;O;O|T;O|R;x;y;z
72;GLY;A;0,55;0,000148859;0,00121306;0,0036715;-0,00113087;38,5568;8,29568;16,7981
73;THR;A;0,478;0,000327379;0,00271103;0,00826812;0,000617966;35,9969;8,16615;14,0443
74;VAL;A;0,811;0,000198237;0,00204531;0,00688658;-0,000365249;33,4987;10,0698;17,1865
75;ASN;A;0,278;0,000157483;0,000798538;0,00187031;-0,00122613;31,9573;14,0284;17,0261
76;TRP;A;0,856;0,000246714;0,00265012;0,00907703;0,000517194;36,7595;13,2913;12,435
77;SER;A;0,422;0,000174967;0,00184501;0,00627023;-0,00060381;34,9437;18,2557;11,4844
78;VAL;A;0,811;0,000302578;0,00234136;0,00691163;3,85173e-05;33,0922;18,6455;7,76475
79;GLU;A;0,083;0,000111606;0,00070456;0,00187294;-0,0012091;37,5788;21,5284;8,47032
80;ASP;A;0,167;0,000159317;0,00142176;0,00448952;-0,000999805;38,8229;17,4826;10,0658
81;ILE;A;0,883;0,000436702;0,00412328;0,0133556;0,00343425;35,85;14,6079;7,06754
82;VAL;A;0,811;0,000308145;0,00275853;0,00872305;0,000697908;37,5984;17,4668;3,77842
83;LYS;A;0;0,000156711;0,000668843;0,00140027;-0,001198;42,8024;17,593;5,2205
84;GLY;A;0,55;0,000335946;0,00326024;0,0106893;0,00161082;41,3464;13,2784;4,71658
85;ILE;A;0,883;0,000552004;0,00369944;0,0101533;0,00250233;38,6667;12,4662;1,95787
86;ASN;A;0,278;0,000277755;0,00143788;0,00341075;-0,000987754;41,4518;15,8236;0,157341
87;SER;A;0,422;0,000274211;0,00204066;0,00590908;-0,000371121;44,6263;12,6445;1,69056
88;ASN;A;0,278;0,000214994;0,000577098;0,000822089;-0,00115651;47,3532;11,7275;-1,154
89;ASN;A;0,278;0,000307293;0,00133109;0,00281514;-0,0010626;46,6351;7,99924;3,00992
90;LEU;A;0,783;0,000575416;0,00183963;0,00308458;-0,000609803;43,4281;4,56281;1,25532
91;GLU;A;0,083;0,000441776;0,000975939;0,00111596;-0,00121605;44,0714;3,83657;6,04697
92;SER;A;0,422;0,000362827;0,00203758;0,00507257;-0,000374992;43,6217;8,75761;5,9034
93;GLN;A;0,25;0,000599395;0,00232145;0,00453485;9,59311e-06;41,098;8,47629;2,05498
94;LEU;A;0,783;0,000773884;0,00275031;0,00503142;0,000683992;39,1266;4,40529;5,89024
95;GLN;A;0,25;0,000391395;0,00134887;0,00240782;-0,00105096;40,2008;7,91941;9,87398
96;ALA;A;0,572;0,000597255;0,00364084;0,00949479;0,00237884;37,3833;10,1052;7,08697
97;THR;A;0,478;0,00104667;0,00274628;0,00382191;0,000677179;34,9222;7,77304;5,2297
98;GLN;A;0,25;0,000776466;0,00167904;0,00186817;-0,000777833;34,6488;5,48994;10,1005
99;ALA;A;0,572;0,000619398;0,00390668;0,0103801;0,00294972;33,7003;9,992;10,2723
100;ALA;A;0,572;0,000962318;0,00302681;0,00500397;0,00117108;31,2266;10,5662;7,82827
101;ARG;A;0,272;0,00125189;0,00171415;0,000777174;-0,000742918;29,8007;5,55713;9,69589
102;LYS;A;0;0,000670823;0,00107562;0,000732679;-0,00118934;30,5693;7,43995;13,0098
103;LEU;A;0,783;0,000649121;0,0024758;0,00478161;0,000240154;28,5654;12,7879;11,2406
104;LEU;A;0,783;0,00144423;0,00314191;0,00352317;0,00138479;25,7636;10,744;7,91911
105;SER;A;0,422;0,0012905;0,00155209;0,000413293;-0,000895064;24,6079;7,591;11,611
106;ARG;A;0,272;0,000583599;0,001;0,000776953;-0,0012109;24,1398;13,034;13,8807
107;GLU;A;0,083;0,0010184;0,000192821;-0,000462957;-0,000691373;18,5208;9,97313;14,3037
108;LYS;A;0;0,000401108;0,000206782;-0,000197659;-0,000720575;18,6535;15,2384;16,2678
109;GLN;A;0,25;0,000523154;0,000392996;-0,000162198;-0,00100541;19,2473;17,476;12,8341
110;PRO;A;0,3;0,00100677;0,00146903;0,000800821;-0,00096373;22,0702;14,3965;9,92682
111;PRO;A;0,3;0,000702153;0,00178076;0,00239093;-0,000673841;25,4211;16,6883;8,48753
112;ILE;A;0,883;0,00134052;0,00300615;0,00350253;0,00113338;23,0619;15,3473;4,62842
113;ASP;A;0,167;0,000775687;0,00133521;0,00104617;-0,00105993;23,0363;19,5727;3,01919
114;ASN;A;0,278;0,000434184;0,00135308;0,00221886;-0,00104817;27,1981;20,5228;5,52964
115;ILE;A;0,883;0,000840999;0,00303573;0,00562178;0,00118742;28,8016;16,1254;3,65262
116;ILE;A;0,883;0,000910858;0,00266914;0,00414005;0,000548455;26,341;17,4513;-0,348757
117;ARG;A;0,272;0,000376742;0,000937833;0,00123396;-0,00122246;26,768;22,4496;1,26203
118;ALA;A;0,572;0,000415556;0,0022037;0,00530388;-0,000156398;32,1177;19,4785;0,590126
119;GLY;A;0,55;0,000557571;0,00246843;0,00529816;0,000228818;32,2348;17,3344;-2,26685
120;LEU;A;0,783;0,000808674;0,00352884;0,00750078;0,00214658;32,6379;14,5344;0,154627
121;ILE;A;0,883;0,00129258;0,00341144;0,00477645;0,00190865;29,0675;12,5584;-3,19908
122;PRO;A;0,3;0,000863658;0,00175702;0,00180023;-0,000698886;32,3485;12,4113;-5,772
123;LYS;A;0;0,000761176;0,00109286;0,000570264;-0,00118334;36,415;11,2053;-3,19453
124;PHE;A;0,906;0,00145887;0,00342916;0,00422817;0,00194419;31,9816;9,24403;-0,189188
125;VAL;A;0,811;0,00146701;0,00329131;0,00383695;0,00167122;31,3905;7,04156;-5,71374
126;SER;A;0,422;0,00101921;0,00213766;0,00228427;-0,000245541;35,6023;6,47637;-5,80217
127;PHE;A;0,906;0,00115507;0,00328269;0,0049467;0,00165442;36,4534;6,00315;-1,77717
128;LEU;A;0,783;0,00186211;0,00329229;0,00270676;0,00167312;31,9952;2,34678;-3,90955
129;GLY;A;0,55;0,00113018;0,00156012;0,000725618;-0,00088808;36,0621;0,60736;-6,16978
130;LYS;A;0;0,000938974;0,00121981;0,000460483;-0,0011274;39,1221;1,57751;-3,83095
131;THR;A;0,478;0,000914422;0,00103258;0,000181028;-0,00120259;38,4782;-4,11281;-4,51583
132;ASP;A;0,167;0,000638968;0,000729268;0,000139075;-0,00121523;42,4165;-4,09193;-2,63599
133;CYS;A;1;0,000955653;0,0033634;0,00610578;0,00181295;39,7867;-1,13111;0,80851
134;SER;A;0,422;0,00123787;0,00222539;0,00188312;-0,000126487;36,7132;-3,53247;1,95351
135;PRO;A;0,3;0,00113853;0,00201616;0,00166218;-0,000401798;36,9434;-1,32772;4,60509
136;ILE;A;0,883;0,00126004;0,00395783;0,00653532;0,00306262;36,7713;2,67711;1,90166
137;GLN;A;0,25;0,00170934;0,00217681;0,000759216;-0,000193038;34,1323;-0,827119;-0,724044
138;PHE;A;0,906;0,00198;0,00256494;0,000957795;0,000379676;30,7581;-0,865522;5,11694
139;GLU;A;0,083;0,001536;0,00162583;0,000133308;-0,000828722;32,4876;3,12967;6,06644
140;SER;A;0,422;0,00201249;0,00305359;0,0018368;0,00122024;31,2897;4,64512;1,2115
141;ALA;A;0,572;0,00276374;0,00309365;0,000503289;0,00129442;28,1286;2,77017;1,29984
142;TRP;A;0,856;0,00225429;0,00272827;0,000751127;0,00064684;26,7233;3,04915;7,19283
143;ALA;A;0,572;0,00223648;0,00341743;0,00209037;0,00192065;27,4288;7,33412;3,65214
144;LEU;A;0,783;0,00260492;0,00369784;0,00186905;0,00249895;26,5085;7,27998;-0,25856
145;THR;A;0,478;0,00368004;0,00303178;-0,000847563;0,00118017;22,8263;4,85163;2,24701
146;ASN;A;0,278;0,00281843;0,00223451;-0,000748411;-0,000113824;22,51;7,57368;5,36134
147;ILE;A;0,883;0,00238844;0,00369385;0,00232365;0,0024905;23,3344;11,0363;1,59138
148;ALA;A;0,572;0,0036533;0,00379575;0,00020947;0,00270822;19,9093;8,56133;-0,159226
149;SER;A;0,422;0,00381768;0,00254007;-0,00149312;0,000340304;17,7955;8,66608;3,11285
150;GLY;A;0,55;0,00320652;0,00274916;-0,000610355;0,000682054;16,6029;11,7671;1,91726
151;THR;A;0,478;0,00236373;0,00200829;-0,000472144;-0,000411561;15,8146;14,9714;0,322138
152;SER;A;0,422;0,00255495;0,00140045;-0,00121475;-0,00101533;14,7118;14,0678;-3,63793
153;GLU;A;0,083;0,00126731;0,000503069;-0,00067056;-0,00110779;18,1454;18,1066;-3,54888
154;GLN;A;0,25;0,00197291;0,00203765;9,49136e-05;-0,000374913;19,6646;14,9108;-0,101046
155;THR;A;0,478;0,00294375;0,00280647;-0,000193361;0,000779806;18,7495;10,9589;-3,6414
156;LYS;A;0;0,00138918;0,000751343;-0,000666206;-0,0012197;19,7763;14,6787;-7,85068
157;ALA;A;0,572;0,00151054;0,00264514;0,002138;0,000509046;23,3988;13,8448;-5,35888
158;VAL;A;0,811;0,00223555;0,00402102;0,00340554;0,00320341;23,8944;10,0375;-4,69781
159;VAL;A;0,811;0,00182202;0,00351192;0,00332483;0,00211195;22,3437;9,64049;-8,80862
160;ASP;A;0,167;0,000992574;0,00138305;0,00066193;-0,00102767;24,0251;13,3803;-9,99957
161;GLY;A;0,55;0,00112696;0,00280071;0,00367833;0,000769904;27,9048;10,7201;-8,81811
162;GLY;A;0,55;0,00131121;0,00307245;0,00377448;0,00125508;27,4691;7,53878;-9,9376
163;ALA;A;0,572;0,00208262;0,00410214;0,0040118;0,00338623;26,1456;5,53241;-7,54455
164;ILE;A;0,883;0,002149;0,00391585;0,00338979;0,00296989;23,2786;3,69201;-9,79241
165;PRO;A;0,3;0,0014184;0,00239324;0,00180618;0,000115043;26,7391;2,08312;-11,4626
166;ALA;A;0,572;0,0018123;0,00345258;0,00321037;0,00199137;28,7943;1,26091;-8,17709
167;PHE;A;0,906;0,00294369;0,00411953;0,00199737;0,00342572;25,9374;1,21988;-4,75602
168;ILE;A;0,883;0,00205962;0,00330737;0,00225995;0,00170259;24,8511;-2,48577;-9,53021
169;SER;A;0,422;0,00153623;0,00209234;0,0009326;-0,000305024;29,2239;-3,53864;-8,98977
170;LEU;A;0,783;0,00223083;0,00353758;0,00235314;0,00216452;29,2587;-3,32426;-4,4572
171;LEU;A;0,783;0,00251406;0,00332749;0,00134568;0,00174207;25,1599;-6,19761;-5,65463
172;ALA;A;0,572;0,00148541;0,00175788;0,000427107;-0,000697988;29,2407;-9,00026;-6,1996
173;SER;A;0,422;0,00164824;0,00262309;0,00175835;0,000473121;30,7825;-8,38452;-2,76265
174;PRO;A;0,3;0,00114635;0,00134056;0,000302686;-0,00105644;32,837;-11,0128;-1,47711
175;HIS;A;0,628;0,00133654;0,00220839;0,00159996;-0,000149952;33,1415;-8,8201;1,60696
176;ALA;A;0,572;0,0019135;0,00212057;0,000314356;-0,000268131;27,8229;-9,5257;2,8899
177;HIS;A;0,628;0,0018481;0,00238734;0,000881792;0,000106259;29,6837;-6,27236;5,04767
178;ILE;A;0,883;0,00227501;0,00394389;0,00313045;0,00303177;29,8646;-4,58035;1,24342
179;SER;A;0,422;0,00279115;0,00285756;9,69488e-05;0,00086838;26,0714;-6,60174;-0,693582
180;GLU;A;0,083;0,00329633;0,00134485;-0,00173945;-0,00105363;23,3481;-5,64246;3,45402
181;GLN;A;0,25;0,00346497;0,0019883;-0,00159324;-0,000436152;24,9629;-0,99932;2,7185
182;ALA;A;0,572;0,00369516;0,00382252;0,000186875;0,00276608;24,1771;-1,90798;-1,93718
183;VAL;A;0,811;0,00442726;0,00349153;-0,00119604;0,00207034;20,7615;-3,72035;-1,36079
184;TRP;A;0,856;0,00458679;0,00239573;-0,00224485;0,000118755;19,8994;-0,0881489;3,69404
185;ALA;A;0,572;0,00445625;0,00380496;-0,000867339;0,0027281;21,2708;2,11026;-1,5596
186;LEU;A;0,783;0,0042385;0,00375572;-0,000655228;0,00262222;20,1093;0,411283;-4,96383
187;GLY;A;0,55;0,0057027;0,00392778;-0,00211288;0,00299617;16,3767;1,40749;-2,34801
188;ASN;A;0,278;0,00527147;0,00260029;-0,00265108;0,000436272;17,0648;4,55802;-0,371525
189;ILE;A;0,883;0,00408051;0,00396638;-0,000162337;0,00308158;18,2275;5,36728;-5,23538
190;ALA;A;0,572;0,00497327;0,00377424;-0,00150217;0,00266194;14,2636;3,48979;-5,97865
191;GLY;A;0,55;0,00574986;0,00314356;-0,00273844;0,00138789;12,2835;5,26486;-3,60341
192;ASP;A;0,167;0,00411118;0,00166862;-0,0021707;-0,000787995;12,8809;9,21107;-5,00777
193;GLY;A;0,55;0,00410523;0,00312005;-0,00123521;0,00134372;10,8799;7,12834;-7,73731
194;SER;A;0,422;0,00305244;0,00237268;-0,000862341;8,45095e-05;9,31519;6,45429;-11,0594
195;ALA;A;0,572;0,00209467;0,0024968;0,000632573;0,000272606;12,7581;7,79174;-12,4013
196;PHE;A;0,906;0,00259975;0,00280645;0,000309755;0,000779766;16,0572;8,28841;-9,53557
197;ARG;A;0,272;0,00351067;0,00202008;-0,00161067;-0,00039691;11,0293;2,77383;-10,7216
198;ASP;A;0,167;0,00199365;0,00151716;-0,000597813;-0,000924743;12,6629;3,13583;-14,069
199;LEU;A;0,783;0,00156808;0,0024256;0,00152654;0,000163593;17,9681;4,91096;-13,8026
200;VAL;A;0,811;0,00267259;0,00337515;0,00113646;0,00183626;18,0392;1,29009;-10,8467
201;ILE;A;0,883;0,00197428;0,00275566;0,00132565;0,000693043;15,5352;-1,12475;-13,6762
202;LYS;A;0;0,000802238;0,000698442;-0,000139611;-0,00120739;17,4442;1,40925;-17,9072
203;HIS;A;0,628;0,00118659;0,00201037;0,00152917;-0,000408981;22,1119;1,52066;-14,6214
204;GLY;A;0,55;0,0013893;0,00230226;0,00167763;-1,80669e-05;20,8476;-3,78054;-13,85
205;ALA;A;0,572;0,00232728;0,00348286;0,00202574;0,00205272;19,7607;-4,33813;-10,6616
206;ILE;A;0,883;0,00219081;0,00340614;0,00216861;0,00189805;16,6123;-6,82198;-11,4213
207;ASP;A;0,167;0,00119349;0,00127653;0,000123883;-0,00109612;19,6931;-9,81172;-13,0554
208;PRO;A;0,3;0,00182171;0,00218362;0,00057085;-0,000183809;22,1777;-8,72533;-9,54005
209;LEU;A;0,783;0,00309679;0,00325947;0,000240752;0,00160933;19,1685;-7,76542;-6,55208
210;LEU;A;0,783;0,0021353;0,0027916;0,00107938;0,000754281;16,9076;-11,7273;-8,30891
211;ALA;A;0,572;0,00149022;0,00256899;0,0020184;0,000386135;21,142;-13,7579;-7,4531
212;LEU;A;0,783;0,00219126;0,00239734;0,000310876;0,000121162;21,8042;-12,1361;-3,83955
213;LEU;A;0,783;0,00224815;0,00265488;0,000636941;0,00052501;17,3497;-14,2713;-3,31973
214;ALA;A;0,572;0,0010497;0,00208386;0,00206153;-0,00031599;19,5612;-18,0728;-5,68607
215;VAL;A;0,811;0,000937711;0,00248978;0,0035076;0,000261725;19,2165;-19,8971;-2,39411
216;PRO;A;0,3;0,000504161;0,00100141;0,000991475;-0,00121057;18,1159;-23,6375;-1,99916
217;ASP;A;0,167;0,000683689;0,00129606;0,00119591;-0,00108449;16,4022;-22,4507;2,31616
218;LEU;A;0,783;0,00154787;0,00263315;0,00201832;0,00048948;15,3419;-18,0339;1,69175
219;SER;A;0,422;0,000878453;0,00155402;0,00127891;-0,000893392;16,5381;-19,9764;6,01135
220;THR;A;0,478;0,000775565;0,00166453;0,00183397;-0,000791953;20,5799;-20,0384;4,55316
221;LEU;A;0,783;0,00154649;0,00282353;0,00245225;0,000809231;20,0877;-15,9737;3,66914
222;ALA;A;0,572;0,00167269;0,00271829;0,00190425;0,000630106;20,6837;-13,3671;6,94693
223;CYS;A;1;0,0019757;0,0032381;0,00230806;0,00156805;17,3687;-11,8176;8,76136
224;GLY;A;0,55;0,00276102;0,00282215;8,91693e-05;0,000806854;18,7268;-8,74106;7,37927
225;TYR;A;0,7;0,00283627;0,00237982;-0,000602436;9,50876e-05;21,5456;-10,0156;2,73398
226;LEU;A;0,783;0,00311353;0,00311362;1,33464e-07;0,00133169;16,1351;-11,7862;3,42159
227;ARG;A;0,272;0,00336672;0,00182124;-0,00161439;-0,000630109;14,3689;-8,43911;7,63284
228;ASN;A;0,278;0,00465279;0,00175456;-0,00246864;-0,000701455;17,6209;-5,12874;3,53166
229;LEU;A;0,783;0,0042951;0,00284258;-0,00169273;0,00084227;17,2101;-8,20296;-0,614116
230;THR;A;0,478;0,00534553;0,00232337;-0,00279295;1,23696e-05;12,4113;-7,88144;0,57123
231;TRP;A;0,856;0,00660195;0,00226605;-0,00349586;-6,9608e-05;13,2745;-1,48732;1,47949
232;THR;A;0,478;0,00583362;0,00320071;-0,00277182;0,00149631;15,1051;-3,07778;-2,38392
233;LEU;A;0,783;0,00511823;0,00279253;-0,00244088;0,000755865;12,8197;-6,29616;-4,56031
234;SER;A;0,422;0,00697995;0,00285184;-0,00368265;0,000858398;9,46267;-3,25631;-2,63277
235;ASN;A;0,278;0,00675877;0,00254791;-0,00358605;0,000352681;11,1569;0,320442;-3,40406
236;LEU;A;0,783;0,00476034;0,00262653;-0,00225332;0,000478712;12,245;-2,10138;-7,7828
237;CYS;A;1;0,00561424;0,00348055;-0,0024008;0,00204802;7,39854;-2,83194;-7,25062
238;ARG;A;0,272;0,0072284;0,00135299;-0,00327088;-0,00104823;6,47545;2,2968;-3,9668
239;ASN;A;0,278;0,00548384;0,0010497;-0,00250375;-0,00119762;5,81243;4,36321;-7,31788
240;LYS;A;0;0,00430301;0,000426824;-0,00142287;-0,0010411;1,37324;4,74779;-9,91818
241;ASN;A;0,278;0,00244512;0,000562927;-0,00119278;-0,0011483;2,40399;7,87383;-12,7748
242;PRO;A;0,3;0,00202002;0,00123504;-0,000876647;-0,00111937;5,38942;5,25356;-14,6062
243;ALA;A;0,572;0,00266836;0,00173949;-0,00107377;-0,000717076;4,48185;1,65751;-13,6674
244;PRO;A;0,3;0,00295937;0,00181314;-0,00128153;-0,000638962;6,67345;-0,762816;-12,871
245;PRO;A;0,3;0,00159318;0,00166735;0,000109458;-0,000789227;8,80408;-1,97699;-16,0602
246;LEU;A;0,783;0,00105018;0,00161145;0,000995411;-0,000842047;5,40178;-5,06958;-17,9581
247;ASP;A;0,167;0,000833053;0,00119145;0,000615073;-0,00114162;10,1835;-6,44193;-18,2396
248;ALA;A;0,572;0,00179719;0,00289446;0,00199008;0,000933165;10,5032;-6,1165;-14,3959
249;VAL;A;0,811;0,00236872;0,00339197;0,00175709;0,00186973;7,08343;-7,1088;-12,8953
250;GLU;A;0,083;0,00116562;0,00101657;-0,000200651;-0,00120686;6,76032;-11,0253;-15,3218
251;GLN;A;0,25;0,00136466;0,00129541;-9,73232e-05;-0,00108489;12,9077;-10,3351;-13,8368
252;ILE;A;0,883;0,00294214;0,00318306;0,000361428;0,00146266;10,6468;-9,19273;-9,61608
253;LEU;A;0,783;0,00259641;0,00288673;0,000441439;0,00091954;6,37682;-11,7505;-9,60972
254;PRO;A;0,3;0,00171038;0,00161341;-0,000135848;-0,000840237;8,99272;-15,2264;-9,31058
255;THR;A;0,478;0,00253167;0,0022919;-0,000328989;-3,28941e-05;11,5328;-13,9191;-6,0557
256;LEU;A;0,783;0,00403993;0,00338713;-0,000861237;0,0018601;7,86273;-11,3306;-4,62342
257;VAL;A;0,811;0,00249903;0,00256077;9,0163e-05;0,000373053;5,87462;-15,7773;-4,77913
258;ARG;A;0,272;0,00170425;0,000983678;-0,000779935;-0,00121449;11,3324;-18,2061;-2,65314
259;LEU;A;0,783;0,00342344;0,00287518;-0,000723945;0,000899236;10,0044;-13,619;-0,424368
260;LEU;A;0,783;0,00357608;0,00299548;-0,000765624;0,00111399;4,51215;-14,1951;0,0949973
261;HIS;A;0,628;0,00185553;0,00114963;-0,000794001;-0,00116081;5,18648;-18,8067;0,829379
262;HIS;A;0,628;0,00205279;0,00193777;-0,000161195;-0,000497031;10,5288;-16,4514;4,76729
263;ASN;A;0,278;0,00135709;0,000852069;-0,000572147;-0,00122856;9,62792;-17,4042;8,52277
264;ASP;A;0,167;0,00231831;0,00159406;-0,000861378;-0,000857912;10,4399;-12,8821;8,71932
265;PRO;A;0,3;0,00251006;0,00121795;-0,00127065;-0,00112836;7,70126;-11,1443;10,1655
266;GLU;A;0,083;0,0036258;0,000797921;-0,00174264;-0,00122607;10,2221;-7,46588;8,9486
267;VAL;A;0,811;0,00405846;0,00379966;-0,000361205;0,00271665;9,99024;-10,7365;4,59235
268;LEU;A;0,783;0,00386671;0,00341243;-0,00061529;0,00191062;5,74857;-11,8567;5,16411
269;ALA;A;0,572;0,00570542;0,00346739;-0,00249127;0,00202132;5,30746;-7,22567;5,01929
270;ASP;A;0,167;0,00654544;0,00175079;-0,00333085;-0,000705378;8,10094;-5,61714;2,89691
271;SER;A;0,422;0,00571827;0,00347112;-0,00249982;0,00202889;6,24715;-9,17654;0,237837
272;CYS;A;1;0,00654216;0,00502402;-0,00191377;0,00561658;2,54984;-7,85026;1,00561
273;TRP;A;0,856;0,00806938;0,0026095;-0,00425005;0,000451126;3,13507;-2,68089;1,89169
274;ALA;A;0,572;0,00687041;0,00412026;-0,00303935;0,00342738;4,94069;-5,43349;-3,34918
275;ILE;A;0,883;0,00591999;0,00372997;-0,00248577;0,00256722;1,9593;-7,9219;-4,16044
276;SER;A;0,422;0,00768756;0,0032869;-0,00402908;0,00166261;0,271177;-3,72242;-3,02498
277;TYR;A;0,7;0,00772722;0,00309854;-0,00408499;0,00130354;3,50732;-1,27176;-3,7468
278;LEU;A;0,783;0,00496869;0,00282677;-0,00230017;0,000814846;2,5541;-5,11638;-8,42982
279;THR;A;0,478;0,00557227;0,0029648;-0,00269895;0,00105855;-2,2645;-4,97227;-7,31363
280;ASP;A;0,167;0,00608583;0,000900365;-0,00248219;-0,00122658;-2,21273;0,0849364;-7,49815
281;GLY;A;0,55;0,00388775;0,00174473;-0,00201679;-0,000711668;-4,08519;-1,08692;-11,2519
282;PRO;A;0,3;0,00231988;0,00135674;-0,00104999;-0,00104571;-4,34888;-1,72568;-14,4908
283;ASN;A;0,278;0,00187704;0,00129632;-0,000692285;-0,00108434;-7,51844;-5,25281;-14,8048
284;GLU;A;0,083;0,00115718;0,000546124;-0,000591626;-0,0011379;-3,85185;-5,5354;-17,5022
285;ARG;A;0,272;0,00231417;0,00110577;-0,00117813;-0,00117858;0,373887;-4,20058;-14,2987
286;ILE;A;0,883;0,00316069;0,0032309;0,000102412;0,00155419;-4,51347;-7,36749;-11,0868
287;GLU;A;0,083;0,00137697;0,00109558;-0,000361331;-0,00118235;-4,29953;-11,4993;-14,3545
288;MET;A;0,828;0,00174046;0,00198563;0,00037753;-0,000439415;0,907248;-9,87151;-13,9888
289;VAL;A;0,811;0,00302068;0,00307199;7,46526e-05;0,00125423;-0,329349;-10,9747;-9,4298
290;VAL;A;0,811;0,00216211;0,00267349;0,000818849;0,000555627;-3,82833;-13,5005;-9,88334
291;LYS;A;0;0,000990199;0,00056542;-0,000457083;-0,00114978;-0,6418;-15,3217;-13,8972
292;LYS;A;0;0,00144672;0,000695889;-0,000734756;-0,00120665;2,38263;-16,1401;-10,5584
293;GLY;A;0,55;0,00166275;0,00190156;0,000368158;-0,000539502;-1,15476;-17,8444;-7,01245
294;VAL;A;0,811;0,00288077;0,003322;0,000683004;0,00173129;-0,547371;-15,0888;-4,69104
295;VAL;A;0,811;0,00292001;0,00351948;0,000948111;0,0021274;-4,85848;-15,1219;-3,70994
296;PRO;A;0,3;0,00202372;0,00199178;-4,57092e-05;-0,000431895;-4,30844;-18,2526;-1,60831
297;GLN;A;0,25;0,00253683;0,00170246;-0,000979611;-0,000754663;-0,143175;-16,9535;1,18901
298;LEU;A;0,783;0,0043447;0,00351824;-0,00107096;0,00212486;-2,56638;-12,6464;-0,0811223
299;VAL;A;0,811;0,00305586;0,00325608;0,000298116;0,00160277;-6,24262;-14,9754;2,41467
300;LYS;A;0;0,00192255;0,000788495;-0,00101389;-0,0012251;-2,15632;-17,6557;5,39875
301;LEU;A;0,783;0,00346419;0,00309296;-0,000505787;0,00129314;-0,850044;-13,2886;5,20427
302;LEU;A;0,783;0,00399241;0,00348196;-0,000687195;0,00205089;-5,96922;-11,2224;5,56774
303;GLY;A;0,55;0,00223258;0,00228284;7,33239e-05;-4,58085e-05;-4,88454;-13,6447;9,35766
304;ALA;A;0,572;0,00224733;0,00289524;0,00105812;0,000934544;-2,34402;-12,3292;10,699
305;THR;A;0,478;0,00133274;0,0011508;-0,000243692;-0,00116031;-1,38546;-11,7438;14,5346
306;GLU;A;0,083;0,0020963;0,00124039;-0,000939041;-0,00111648;1,62452;-10,1877;12,6563
307;LEU;A;0,783;0,00333453;0,0018292;-0,00158458;-0,000621353;-1,1369;-4,59135;11,8982
308;PRO;A;0,3;0,00408203;0,00168346;-0,00215122;-0,000773497;2,53208;-5,15716;10,1591
309;ILE;A;0,883;0,00424191;0,00401105;-0,00032383;0,00318109;1,46576;-8,90529;7,81849
310;VAL;A;0,811;0,00459529;0,00409671;-0,000678784;0,00337393;-3,00891;-7,44577;7,9362
311;THR;A;0,478;0,00635135;0,00247667;-0,00336496;0,000241483;-2,02992;-3,48815;6,39431
312;PRO;A;0,3;0,00715701;0,003208;-0,00371384;0,00151026;-0,128906;-5,12767;3,50598
313;ALA;A;0,572;0,00625578;0,00400933;-0,0025733;0,00317726;-2,7197;-7,96651;2,62812
314;LEU;A;0,783;0,00665724;0,00318739;-0,00338676;0,00147091;-6,51433;-5,60856;3,30995
315;ARG;A;0,272;0,00835648;0,00111809;-0,00324454;-0,00117384;-3,91545;-1,47788;0,209852
316;ALA;A;0,572;0,00688256;0,00384642;-0,0032288;0,00281796;-3,8626;-6,48482;-2,08858
317;ILE;A;0,883;0,00582059;0,003969;-0,00219243;0,00308741;-7,15041;-8,5852;-1,29931
318;GLY;A;0,55;0,00675391;0,00407375;-0,00297125;0,00332199;-8,52656;-4,7724;-2,77881
319;ASN;A;0,278;0,00670702;0,00251015;-0,00355914;0,000293379;-5,92703;-3,40202;-5,02429
320;ILE;A;0,883;0,00472438;0,00416059;-0,000762791;0,0035194;-7,09815;-8,13219;-6,44514
321;VAL;A;0,811;0,00495425;0,00424744;-0,00094324;0,00371948;-11,4803;-6,62974;-5,53047
322;THR;A;0,478;0,00469524;0,00210666;-0,0024358;-0,000286374;-10,447;-3,20427;-8,25064
323;GLY;A;0,55;0,0030028;0,00258478;-0,000558996;0,000411359;-11,3156;-5,77815;-11,0165
324;THR;A;0,478;0,00179213;0,0020177;0,000345113;-0,000399872;-12,2675;-8,71386;-13,1039
325;ASP;A;0,167;0,00173543;0,00106668;-0,000748992;-0,0011923;-16,2019;-9,93038;-11,6476
326;GLU;A;0,083;0,00107783;0,000572907;-0,000522352;-0,00115413;-13,6461;-13,1042;-13,4416
327;GLN;A;0,25;0,00222915;0,00175909;-0,000601016;-0,000696721;-9,51368;-10,7121;-11,0622
328;THR;A;0,478;0,0030133;0,00242872;-0,000755685;0,000168313;-13,237;-10,7832;-7,23102
329;GLN;A;0,25;0,00163597;0,00133223;-0,000394738;-0,00106186;-14,766;-15,5133;-7,52268
330;LYS;A;0;0,00167664;0,000589833;-0,000888993;-0,00116346;-9,5799;-16,1927;-8,14473
331;VAL;A;0,811;0,00326554;0,00317274;-0,000131949;0,00144307;-10,591;-13,2773;-3,40759
332;ILE;A;0,883;0,00229984;0,00328503;0,00168973;0,00165897;-14,658;-15,1403;-3,0199
333;ASP;A;0,167;0,00130234;0,00116049;-0,000193076;-0,00115604;-12,8982;-19,0829;-4,46749
334;ALA;A;0,572;0,00183294;0,00255775;0,00122955;0,000368267;-9,5712;-18,2968;-1,061
335;GLY;A;0,55;0,00199318;0,0029392;0,00164697;0,00101263;-11,6149;-17,2551;1,79701
336;ALA;A;0,572;0,00303046;0,00381431;0,0012659;0,0027483;-11,6982;-13,9666;2,28481
337;LEU;A;0,783;0,00278625;0,00349548;0,0011436;0,00207838;-15,6165;-13,3281;2,60829
338;ALA;A;0,572;0,0018166;0,00249683;0,0011457;0,000272656;-14,0172;-15,4783;6,70775
339;VAL;A;0,811;0,00257545;0,00354253;0,00162942;0,00217471;-11,3038;-12,7058;7,58555
340;PHE;A;0,906;0,00379747;0,00389007;0,000135217;0,00291327;-13,7342;-9,30441;5,63755
341;PRO;A;0,3;0,00189559;0,00200885;0,000168192;-0,000410864;-15,8793;-10,8552;10,4919
342;SER;A;0,422;0,00189539;0,00202314;0,000190381;-0,000393096;-12,3507;-9,59806;12,2772
343;LEU;A;0,783;0,00357352;0,00371397;0,000206567;0,00253318;-11,1146;-7,30038;8,93485
344;LEU;A;0,783;0,00330297;0,00335047;6,90214e-05;0,00178737;-15,6743;-5,3121;9,07856
345;THR;A;0,478;0,00170721;0,00147853;-0,000306759;-0,000956218;-14,6551;-5,43099;14,0499
346;ASN;A;0,278;0,00233121;0,00170569;-0,000768797;-0,000751427;-9,86914;-4,13211;13,4706
347;PRO;A;0,3;0,00144122;0,000726583;-0,000717932;-0,00121463;-9,25262;-2,31112;16,4807
348;LYS;A;0;0,00238753;0,000678133;-0,00123141;-0,00120115;-6,22392;-0,487125;14,2348
349;THR;A;0,478;0,00320657;0,00127364;-0,00169658;-0,0010978;-9,33869;2,97495;11,7022
350;ASN;A;0,278;0,00483157;0,00113253;-0,00237032;-0,00116803;-6,72921;2,38901;9,00525
351;ILE;A;0,883;0,00472562;0,0026678;-0,00220054;0,000546236;-7,81426;-2,47191;8,99282
352;GLN;A;0,25;0,00357463;0,00160555;-0,00185397;-0,00084746;-12,8708;-0,827833;10,3353
353;LYS;A;0;0,00591079;0,000609463;-0,00199766;-0,00117339;-10,8082;2,59715;5,55091
354;GLU;A;0,083;0,00721933;0,00115275;-0,00305108;-0,00115946;-8,48915;-0,483361;3,547
355;ALA;A;0,572;0,00574868;0,0030768;-0,00277466;0,00126312;-12,4601;-3,69798;4,66945
356;THR;A;0,478;0,00553388;0,00249818;-0,00286645;0,000274749;-15,4573;-1,38998;4,14462
357;TRP;A;0,856;0,00716782;0,00209421;-0,00371749;-0,000302588;-11,36;-0,331864;-0,92211
358;THR;A;0,478;0,00629152;0,00325511;-0,00309464;0,0016009;-12,7544;-4,603;-0,0120423
359;MET;A;0,828;0,00500943;0,00322512;-0,0020489;0,00154307;-16,997;-5,62986;1,21061
360;SER;A;0,422;0,00545795;0,00286626;-0,0026633;0,000883596;-17,3656;-1,94948;-1,96665
361;ASN;A;0,278;0,00528931;0,00220406;-0,00278354;-0,000155896;-15,0294;-3,13495;-4,70178
362;ILE;A;0,883;0,00421378;0,00321689;-0,00125282;0,00152728;-17,0762;-7,69998;-3,18558
363;THR;A;0,478;0,00389405;0,0033335;-0,000747482;0,0017539;-21,0651;-5,23941;-3,26119
364;ALA;A;0,572;0,00328178;0,00238563;-0,00109764;0,000103716;-20,0035;-4,42962;-7,36475
365;GLY;A;0,55;0,00240979;0,00228126;-0,000180406;-4,80626e-05;-20,8388;-7,49307;-8,48181
366;ARG;A;0,272;0,00133241;0,00106122;-0,000348421;-0,00119406;-20,677;-12,1239;-10,3875
367;GLN;A;0,25;0,00121218;0,00109435;-0,000161444;-0,0011828;-26,7762;-11,1696;-8,54175
368;ASP;A;0,167;0,00116361;0,000792269;-0,00043935;-0,00122551;-22,6968;-14,9183;-7,59049
369;GLN;A;0,25;0,00208159;0,00164075;-0,000563316;-0,000814697;-19,8176;-12,2277;-6,36494
370;ILE;A;0,883;0,00235331;0,00306211;0,0011631;0,00123596;-24,059;-9,92559;-3,65525
371;GLN;A;0,25;0,00133969;0,00138402;6,5001e-05;-0,00102699;-25,8352;-14,6953;-2,05936
372;GLN;A;0,25;0,00165521;0,00122294;-0,000534009;-0,00112577;-20,5976;-15,715;-1,7992
373;VAL;A;0,811;0,00263354;0,00328889;0,00105441;0,00166649;-21,6264;-11,2083;1,12894
374;VAL;A;0,811;0,00166837;0,00307582;0,00271452;0,00126132;-25,4727;-12,9842;2,30135
375;ASN;A;0,278;0,00111248;0,00143095;0,000519706;-0,00099297;-24,0672;-16,9415;2,34633
376;HIS;A;0,628;0,00157488;0,00208923;0,000851843;-0,000309055;-19,5393;-15,8596;4,23675
377;GLY;A;0,55;0,0015553;0,00248702;0,00168428;0,000257464;-22,6909;-12,6288;7,33269
378;LEU;A;0,783;0,00253961;0,00374363;0,00209579;0,00259636;-20,506;-10,0958;5,877
379;VAL;A;0,811;0,00229272;0,00350706;0,00215053;0,00210201;-25,0441;-7,79015;5,74285
380;PRO;A;0,3;0,00161631;0,00246071;0,0014921;0,000216983;-24,7909;-7,94231;9,58303
381;PHE;A;0,906;0,00191985;0,00277637;0,00147759;0,000728253;-20,3246;-7,75769;10,5563
382;LEU;A;0,783;0,00332581;0,00304141;-0,000392238;0,00119783;-21,9081;-3,83348;6,10467
383;VAL;A;0,811;0,00196838;0,00381502;0,00364212;0,00274984;-25,4607;-2,70039;9,51444
384;GLY;A;0,55;0,00183138;0,00312596;0,00241127;0,00135481;-22,3695;-1,6605;11,8026
385;VAL;A;0,811;0,00279378;0,00365115;0,00140984;0,00240047;-19,7331;-0,234877;9,84204
386;LEU;A;0,783;0,00256624;0,00367437;0,00190274;0,00244934;-23,6313;2,37276;8,27243
387;SER;A;0,422;0,00139773;0,00197742;0,000989754;-0,000449425;-24,1603;2,23389;12,7788
388;LYS;A;0;0,00100268;0,000518602;-0,000493275;-0,00111925;-20,1566;3,01993;15,9894
389;ALA;A;0,572;0,00199435;0,00177744;-0,000295258;-0,000677373;-17,6546;4,28098;12,5476
390;ASP;A;0,167;0,00257727;0,00110624;-0,00134981;-0,0011784;-14,2849;6,61839;11,0438
391;PHE;A;0,906;0,00254863;0,00166193;-0,00102519;-0,000794467;-17,5448;9,93455;7,86797
392;LYS;A;0;0,0038048;0,000639109;-0,00164487;-0,00118667;-13,6839;8,74552;6,22938
393;THR;A;0,478;0,00417605;0,00201446;-0,0021187;-0,000403907;-15,5116;3,49327;7,48734
394;GLN;A;0,25;0,00285986;0,00202437;-0,0010091;-0,000391565;-19,719;5,64262;8,42599
395;LYS;A;0;0,00409291;0,000835761;-0,00191553;-0,00122835;-17,9694;7,75375;2,68851
396;GLU;A;0,083;0,00564753;0,00100207;-0,0024998;-0,00121041;-16,0693;3,20792;1,89807
397;ALA;A;0,572;0,0043788;0,00314441;-0,00150223;0,00138949;-20,4864;1,53048;3,77691
398;ALA;A;0,572;0,00401037;0,00340213;-0,000807319;0,00189002;-22,3636;3,61847;1,70919
399;TRP;A;0,856;0,00439838;0,00191494;-0,0022973;-0,000523921;-19,8064;4,45058;-2,75909
400;ALA;A;0,572;0,00455829;0,00378511;-0,00101501;0,0026853;-21,3813;-0,990175;-0,208056
401;ILE;A;0,883;0,0035787;0,00346424;-0,000162462;0,00201494;-25,1271;-0,469832;0,855562
402;THR;A;0,478;0,003358;0,00303423;-0,000443826;0,00118467;-25,0436;1,76277;-3,18936
403;ASN;A;0,278;0,0036882;0,00214911;-0,00167453;-0,000230287;-22,4087;-0,957462;-4,97501
404;TYR;A;0,7;0,00283479;0,0027527;-0,000116691;0,000688044;-26,4364;-5,50177;-1,68096
405;THR;A;0,478;0,00248064;0,00299421;0,00081281;0,00111168;-28,7073;-1,73809;-3,90497
406;SER;A;0,422;0,0020538;0,00173063;-0,000427454;-0,000726168;-27,2997;-1,59963;-8,04283
407;GLY;A;0,55;0,00185282;0,00247621;0,00103607;0,000240778;-27,0285;-5,45288;-8,13009
408;GLY;A;0,55;0,0016483;0,00321672;0,0031029;0,00152696;-29,2898;-6,87465;-6,64293
409;THR;A;0,478;0,00116368;0,00260083;0,00301769;0,000437142;-31,6302;-9,68273;-6,05204
410;VAL;A;0,811;0,000965726;0,00282746;0,00438204;0,000816026;-35,5913;-8,28377;-4,91406
411;GLU;A;0,083;0,000859992;0,00119146;0,000560394;-0,00114161;-34,5947;-11,7249;-3,35564
412;GLN;A;0,25;0,00155841;0,00195372;0,000637209;-0,000478023;-29,9008;-10,1245;-2,57749
413;ILE;A;0,883;0,00170622;0,00372367;0,00419254;0,00255379;-32,6413;-5,53394;-1,63693
414;VAL;A;0,811;0,00113356;0,0024006;0,00259875;0,00012603;-35,5887;-7,94917;1,24645
415;TYR;A;0,7;0,00134015;0,00183504;0,000832039;-0,000614894;-30,6838;-10,3237;4,22676
416;LEU;A;0,783;0,00205969;0,00348599;0,00264636;0,00205907;-30,2084;-5,07856;3,14286
417;VAL;A;0,811;0,00137614;0,00338589;0,00439794;0,00185762;-34,217;-4,08285;4,88075
418;HIS;A;0,628;0,000868723;0,00180177;0,00189626;-0,000651311;-35,6504;-8,01094;6,61349
419;CYS;A;1;0,0012724;0,00337921;0,00476176;0,00184433;-30,4586;-6,69878;8,51719
420;GLY;A;0,55;0,00128192;0,0029917;0,00365782;0,00110713;-31,1854;-2,71989;9,33804
421;ILE;A;0,883;0,00201097;0,00411066;0,00424006;0,00340557;-29,6501;-0,778604;6,24427
422;ILE;A;0,883;0,0014076;0,003222;0,00384937;0,00153708;-33,274;1,87455;6,6163
423;GLU;A;0,083;0,000832406;0,00104276;0,000338955;-0,00119968;-32,0603;3,59061;11,9142
424;PRO;A;0,3;0,00150938;0,00243463;0,00167926;0,000177251;-28,3886;3,27402;9,79569
425;LEU;A;0,783;0,00209899;0,00349037;0,00256083;0,00206799;-28,7516;4,63671;5,4168
426;MET;A;0,828;0,00124855;0,00363823;0,00561373;0,00237335;-31,8827;7,3974;6,96796
427;ASN;A;0,278;0,000943326;0,00126889;0,000542746;-0,00110055;-29,0639;8,31087;11,1339
428;LEU;A;0,783;0,00181125;0,00239534;0,000965912;0,000118167;-25,262;8,78171;7,60935
429;LEU;A;0,783;0,00124767;0,00298496;0,0037565;0,00109494;-29,0559;11,7676;5,44223
430;SER;A;0,422;0,000787348;0,00138739;0,00113392;-0,00102462;-27,0115;14,3048;9,25158
431;ALA;A;0,572;0,00120034;0,00171842;0,000889531;-0,000738601;-23,8141;14,5581;6,93076
432;LYS;A;0;0,000799804;0,000198075;-0,000398844;-0,000702528;-20,6349;18,953;6,67983
433;ASP;A;0,167;0,00189256;0,00111306;-0,000852392;-0,0011758;-20,07;14,6786;2,82438
434;THR;A;0,478;0,00140937;0,00142311;1,99172e-05;-0,000998807;-22,3447;16,2714;-0,490681
435;LYS;A;0;0,00256114;0,000710306;-0,00131426;-0,00121063;-20,2404;11,9286;-2,73819
436;ILE;A;0,883;0,00269998;0,00338974;0,0011126;0,0018653;-22,3861;10,2049;2,12294
437;ILE;A;0,883;0,00167044;0,00365612;0,00413173;0,00241092;-25,9119;12,9246;1,01025
438;GLN;A;0,25;0,00180942;0,00161307;-0,000267313;-0,00084055;-24,687;12,2415;-3,73537
439;VAL;A;0,811;0,00294791;0,00356424;0,000976253;0,00221945;-24,2559;7,44968;-2,00311
440;ILE;A;0,883;0,00238734;0,00413835;0,0032844;0,00346859;-27,3499;7,53558;1,21415
441;LEU;A;0,783;0,00159232;0,00285954;0,00241531;0,00087184;-30,2414;9,79801;-1,71824
442;ASP;A;0,167;0,0019958;0,00147423;-0,000644255;-0,000959632;-28,6489;5,97256;-5,39697
443;ALA;A;0,572;0,00234536;0,00370394;0,00244182;0,00251187;-29,7159;3,53619;-2,10903
444;ILE;A;0,883;0,00169747;0,00333588;0,00325142;0,00175857;-32,9943;5,24996;-0,613165
445;SER;A;0,422;0,00141115;0,00246974;0,00199428;0,000230829;-33,5966;4,54228;-5,14922
446;ASN;A;0,278;0,00176301;0,00227355;0,000834179;-5,90024e-05;-31,6855;1,34034;-5,60228
447;ILE;A;0,883;0,00168311;0,00316735;0,00288908;0,00143284;-34,2174;-0,01495;-1,49161
448;PHE;A;0,906;0,00104423;0,00329659;0,00546753;0,00168153;-38,3686;3,17557;-2,27714
449;GLN;A;0,25;0,000966966;0,00103698;0,000104584;-0,00120135;-36,2812;0,749963;-7,7482
450;ALA;A;0,572;0,00100991;0,00273051;0,00391811;0,000650602;-37,5971;-3,31838;-4,83905
451;ALA;A;0,572;0,000809827;0,00317843;0,00626987;0,00145387;-40,5809;-2,15704;-3,32375
452;GLU;A;0,083;0,000560523;0,000847748;0,000505989;-0,00122855;-41,9971;0,114379;-6,94804
453;LYS;A;0;0,000549208;0,000648007;0,000154652;-0,00119027;-39,8557;-5,12359;-8,56393
454;LEU;A;0,783;0,000549937;0,00207035;0,00395963;-0,00033337;-42,4082;-6,52283;-3,72515
455;GLY;A;0,55;0,000414246;0,00167661;0,0033817;-0,000780209;-45,8612;-3,534;-3,46615
456;GLU;A;0,083;0,000527785;0,00115325;0,00130051;-0,00115924;-44,397;-3,95793;-0,062761
457;THR;A;0,478;0,000594654;0,0019669;0,00339447;-0,00046217;-43,7659;1,38701;-1,61151
458;GLU;A;0,083;0,000374121;0,000526431;0,000259393;-0,00112476;-47,2361;2,22482;2,20694
459;LYS;A;0;0,000505976;0,000463051;-5,92228e-05;-0,00107504;-44,3026;-1,85046;4,17139
460;LEU;A;0,783;0,000906792;0,00287803;0,00479549;0,000904236;-39,8473;1,53947;2,72912
461;SER;A;0,422;0,000600692;0,00270174;0,00586058;0,000602464;-42,467;4,87895;3,35234
462;ILE;A;0,883;0,000405334;0,00238993;0,00611771;0,000110109;-44,1216;3,64219;7,12479
463;MET;A;0,828;0,000697449;0,00259828;0,00492997;0,00043303;-39,3785;1,62353;7,68205
464;ILE;A;0,883;0,000823535;0,00349572;0,00729098;0,00207888;-37,9864;5,89413;5,81513
465;GLU;A;0,083;0,000340774;0,00106531;0,00175179;-0,00119275;-42,2231;8,39703;8,76837
466;GLU;A;0,083;0,000285439;0,000773621;0,00111281;-0,00122325;-41,8826;4,95367;12,0273
467;CYS;A;1;0,000501033;0,00275183;0,00676239;0,000686567;-36,5358;6,53173;11,6143
468;GLY;A;0,55;0,000446282;0,00293761;0,00798623;0,00100979;-36,5253;10,1244;10,6049
469;GLY;A;0,55;0,000663153;0,00396346;0,0102231;0,00307511;-35,9475;10,2522;7,40917
470;LEU;A;0,783;0,000450464;0,00303005;0,0083322;0,00117701;-39,2304;12,2239;5,61273
471;ASP;A;0,167;0,000296263;0,00118364;0,00236526;-0,00114537;-37,6092;14,8504;8,91485
472;LYS;A;0;0,000610176;0,00131386;0,0014538;-0,00107354;-32,9608;13,4604;7,91057
473;ILE;A;0,883;0,000701203;0,00309316;0,00662302;0,00129352;-35,3158;13,2227;2,71865
474;GLU;A;0,083;0,000299826;0,0012026;0,00240996;-0,00113614;-38,2782;17,0879;4,01826
475;ALA;A;0,572;0,000342157;0,00195888;0,00493106;-0,000471836;-33,862;18,9421;4,5276
476;LEU;A;0,783;0,000619711;0,00285619;0,00629625;0,00086598;-31,6391;17,0459;1,81764
477;GLN;A;0,25;0,000296168;0,00153044;0,0036263;-0,000913599;-36,4239;19,0461;-0,690252
478;ARG;A;0,272;0,000170709;0,000718799;0,00149083;-0,00121278;-35,319;22,6873;1,88508
479;HIS;A;0,628;0,000468593;0,00166745;0,00305348;-0,00078913;-28,2873;20,6697;0,0423971
480;GLU;A;0,083;0,000319948;0,000539843;0,000407421;-0,00113382;-25,6779;23,6207;-1,99916
481;ASN;A;0,278;0,00057542;0,00153256;0,0021659;-0,000911803;-25,9176;19,8192;-4,40733
482;GLU;A;0,083;0,000293762;0,000770925;0,00107308;-0,00122287;-28,6112;20,5741;-8,69156
483;SER;A;0,422;0,000699914;0,0017465;0,00230402;-0,000709826;-27,9976;16,149;-7,31482
484;VAL;A;0,811;0,000794007;0,00350284;0,00750065;0,0020934;-29,0166;16,4905;-3,4194
485;TYR;A;0,7;0,000300127;0,00182442;0,00475041;-0,000626613;-32,2447;20,2401;-5,57375
486;LYS;A;0;0,000348459;0,000908796;0,00125684;-0,00122585;-32,6339;17,3661;-8,71639
487;ALA;A;0,572;0,000753639;0,00252552;0,0044061;0,000317411;-33,1969;13,1335;-5,5
488;SER;A;0,422;0,000646421;0,00319245;0,00735579;0,00148056;-34,6329;14,5127;-2,60324
489;LEU;A;0,783;0,000314143;0,00256677;0,00777848;0,000382593;-38,0315;16,6204;-4,87076
490;ASN;A;0,278;0,000483525;0,00157806;0,00269294;-0,000872263;-37,7188;11,9897;-7,09256
491;LEU;A;0,783;0,000758438;0,00300134;0,00595616;0,00112462;-37,401;10,1754;-3,08821
492;ILE;A;0,883;0,000398341;0,0030136;0,00879795;0,00114696;-40,6776;13,5411;-1,32699
493;GLU;A;0,083;0,000252823;0,000979345;0,00191333;-0,00121537;-42,4917;14,2687;-5,31174
494;LYS;A;0;0,000385439;0,000568916;0,000319566;-0,00115183;-43,051;8,09616;-6,62798
495;TYR;A;0,7;0,000611787;0,00226072;0,00426299;-7,7125e-05;-41,5228;6,65612;-3,46819
496;PHE;A;0,906;0,000454218;0,00211853;0,00470655;-0,000270818;-42,7026;9,90576;0,989725
497;SER;A;0,422;0,000196469;0,00026791;0,000119875;-0,000833489;-48,036;11,7275;-1,154
387;ARG;B;0,272;0,00598511;0,000574291;-0,00194198;-0,00115492;10,4212;7,05183;0,827948
388;LYS;B;0;0,00529644;0,000937534;-0,00234203;-0,0012225;13,7371;7,12585;1,35607
389;ARG;B;0,272;0,00506069;0,000976742;-0,00231809;-0,00121589;15,6293;1,81759;5,45362
390;PRO;B;0,3;0,00336501;0,000907938;-0,00171595;-0,00122593;18,1683;5,64718;7,58568
391;ARG;B;0,272;0,0025581;0,00124027;-0,00129536;-0,00111654;23,1644;1,18466;8,7684
392;VAL;B;0,811;0,00163563;0,000989279;-0,000717617;-0,0012133;20,9994;4,03942;12,7299

RD = 0,731921
OdivT = 0,425667
OdivR = 0,155908
gyrate = 27,8768
